nama_tempat,user,review,rating
Enter Komputer,Rian Hakim Tambusay,"Salut banget sama admin Whatsapp nya sabar banget sama gw yg tanya mulu terus sampe blunder di akhir salah milih barang tapi tetep dibantu buat ganti, REKOMENDED BANGET buat kalian yang bingung banget sama rakit dan komponen pc",5 bintang
Enter Komputer,Jordan Almeralza,"Pertama kali mampir ke sini kesannya langsung jelek.

Sales menawarkan PC yg sudah jadi, dengan beberapa tipe spek dan range harga yg â€¦",1 bintang
Enter Komputer,Marcel Baskoro,"dirakit sesuai keinginan, sampai rumah dicoba ga ada masalah. sayangnya ga mau install windows trial, jadi dibantu toko sebrang",5 bintang
Enter Komputer,Ben Jasen Wangsajaya (Ben),"VERY BAD SERVICE. Kronologi:

Saya kirim gambar produk yang ada kode produk dan kirim link produk. Saya tanya â€¦",1 bintang
Enter Komputer,Reihan Reihan,"Pelayanan sudah berubah baik. Rakit disana tahun 2021 sangat puas, semua part compatible, tidak ada masalah sampai sekarang. Klaim garansi jadi lebih mudah. Pelayanan klaim pun tidak ribet. Saya klaim NVME, TDK sampai seminggu bisa selesai. â€¦",5 bintang
Enter Komputer,Muhammad Biroel Walidaini,"Sudah note pengambilan pribadi atau gojek grab, diambil sendiri lalu disuruh tunggu karna barang di gudang pengambilan namun tidak jelas sudah menunggu 30 menit waktu terbuang, dan setelah tanyakan lagi barulah kejelasan gak ada info dari â€¦",1 bintang
Enter Komputer,julius jarot,"klaim garansi ribet, ga ada kejelasan
beli gpu dari sini, garansi 2 tahun tapi dipake 1 tahun udah mati, no display
udah klaim garansi, bukannya dikasi tau apa kerusakannya atau gpu saya â€¦",1 bintang
Enter Komputer,Luthfi Yusuf,Pengalaman terbaik beli PC gaming. Harga terjangkau kualitas mantap. Pelayanan sangat amat ramah dan helpful banget. â€¦,5 bintang
Enter Komputer,Obed,"Pelayanan bagus bisa di tracking jadi bisa nunggu sambil jalan2x di mallnya, semua by sistem jadi gak ribet, harga jelas gak takut terjebak dengan sistem nego seperti toko2x lain yang main harga di awal, kalo di sini jelas harganya dan bersaing.",5 bintang
Enter Komputer,Mu'adz Mukhadasin,"Toko ini ada di lantai 3 nomor 31-32 Mangga Dua Mall. Kesan saya belanja di sini, pelayannya ramah dan sangat membantu. â€¦",4 bintang
Enter Komputer,William Sebastian,"Dulu sering belanja waktu masih di lantai 5, pelayanan oke banget.

Kemarin nyari produk lagi disini, via WA slow response. Dateng ke toko minta â€¦",2 bintang
Enter Komputer,Hendra Chandra,"Toko Komputer Terfavorit dan Terbaik , Saya rakit PC idaman saya disiniğŸ‘.
Pelayanan sangat Baik dan Staff nya Ramah. Konsultasi dan Perakitan nya Gratis tidak dikenakan biaya. â€¦",5 bintang
Enter Komputer,Athar Akma,Mantap toko komputer terbaik yang pernah di datangi. Employee baik dan ramah. Pengerjaan sangat cepat. â€¦,5 bintang
Enter Komputer,demarr,"admin tokopedia nya mempersulit transaksi , sudah berhari hari saya di suruh simulasi ulang dengan alasan barangnya tibaÂ² kosong, awalnya barang sudah fix , tiba tiba dikabarin kalo barang nya kosong, dengan alasan distrubutor berjalan, kocak emang belanja disini",1 bintang
Enter Komputer,Kaguya S,"Teknisi profesional dan bertanggung jawab, namun tetap kualitas barang, dan layanan mantap... Ketika saya sekali pergi kesana untuk membeli SSD tambahan proses pembelian semua dilayanin dengan baik hingga saat saya meminta tim teknisi untuk â€¦",4 bintang
Enter Komputer,Jimmy Christian,"Pelayanannya mantap, adminnya wa nya responsif dan bisa merekomendasikan part sesuai kebutuhan ğŸ‘ğŸ‘ â€¦",5 bintang
Enter Komputer,SanX,Banyak barang ready tetapi ketika beli komponen banyak yang tertukar seperti saya beli kabel HDMI 2.1 yang diterima HDMI 2.0,2 bintang
Enter Komputer,Kusnandar Dodi,"Fasilitas toko super mewah, luas dan nyaman, kualitas harga sangat bagus dan murah, terbaik di mangga dua mall! â€¦",3 bintang
Enter Komputer,Rivo,"pelayanan kurang memuaskan, di sales counter mau nekan budget dikit tapi barang banyak tidak ada dan adanya hanya merek tertentu ketika ditanya apakah ada VGA yg harganya dibawah RTX 4060 dijawab gak ada juga padahal ada Intel ARC yg â€¦",2 bintang
Enter Komputer,RzI_ Office,"Kalian wajib datang sih!! Klu mau tanya"" seputar komputer rekomendasi banget pokoknya..",5 bintang
Enter Komputer,Shlka Daily,"Pelayanannya bagus, harga bersaing. Ramah semua..
Utk customer care dan klaim garansi jg oke.",5 bintang
Enter Komputer,Mirza Rinzano,"Rekomen banget, aku yg ngga terlalu paham tentang hardware komputer jadi ngga ragu buat pesan, trs jg klo barang yg kita mau stok ny kosong pasti ada alternatif penggantinya dari mulai merk sampai tipe ny. â€¦",5 bintang
Enter Komputer,Alvian,"Buat yang masih awam soal rakit PC, enter komputer solusinya sih, karena pas awal dateng langsung ambil antrian untuk ketemu sama CS nya, nah pas di CS kita bisa simulasi untuk build PC kita, dan penjelasan dari CS nya juga saran"" nya mudah â€¦",5 bintang
Enter Komputer,B4mzMutt Aeelackh,"Kecewa Berat , Monitor beli November 2022 info awal Garansi 3 tahun , tiba2 monitor blank sendiri gg ada angin gg ada ujan di Des 2024 , setelah pengajuan claim garansi malah Void dengan Alasan sudah habis masa Garansi....mirip2 wasit yg â€¦",1 bintang
Enter Komputer,Harso Forever,"Pelayanan Cepat Kalo Datang Pagi Pagi , Harga Kompetitif , Suasanya Ya Lumanyan , Ada Beeberapa Unit PC Bisa Di Pake Untuk MAen GAme. Itu Punya Kalo Engga Antri. Hehe.. Mba nya Pada Telaten Bantu Cari Barang, KEbetulan Kemaren BEli Ternyata Ada Part Yang Tidak Compatible , Akhirnya Gua HArus Jauh Jauh Balik Ke Jakarta Lagi Buat Claim...",4 bintang
Enter Komputer,Dzul Qarnain,"Rekomendasi tempat membeli pc, laptop, aksesoris dan lainnya harga bersaing dan menurut saya termasuk yang termurah. Sudah langganan sejak 10 tahun silam, pengalaman bagus belanja di sini ğŸ‘ â€¦",5 bintang
Enter Komputer,Pikatan Suryono,"Ga rekomen klaim garansi di sini, kalo ga ditanya ya gatau dah sampe berapa lama karna ternyata stoknya abis",3 bintang
Enter Komputer,VIN REPTILES,"Enak rakit disini bisa sekalian konsultasi, tapi lebih enak kalau sudah tau mau spek kaya gimana dan budget tak terbatasğŸ˜…. Untuk pembayaran bisa langsung atau lewat tokped, kalau saya karna rakit baru dan lumayan besar jumlahnya jadi lewat â€¦",5 bintang
Enter Komputer,Ega,"Pelayanannya sangat ramah dan informatif. walaupun kondisi store penuh, semua karyawan tetap melayani dengan ramah. ğŸ‘ğŸ» â€¦",5 bintang
Enter Komputer,Muhammad Givary,"Toko ini luar biasa! Pelayanan ramah dan informatif, produk berkualitas dengan harga kompetitif. Sangat direkomendasikan untuk kebutuhan komputer dan aksesoris teknologi!",5 bintang
Enter Komputer,D4rkSoul123,"Bagus banget, cocok buat yg mau beli PC jadi atau part PC.",5 bintang
Enter Komputer,Victoria Yama,"Pengalaman buruk waktu mau beli PC di sini. Awalnya amanÂ² saja ketika menentukan spesifikasi, namun ketika mau cari casing-nya, CS-nya cowo pake kacamata engga ramah, seperti ""menertawakan"" saya karena kurang paham dengan komputer. Akhirnya â€¦",1 bintang
Enter Komputer,Blue Ocean70 (Golden_Arrow),"Bagus tempatnya, hanya ada beberapa item harganya yg lebih tinggi.

Ada mini cafe nya juga. â€¦",5 bintang
Enter Komputer,DHANNI ACHMAD KUSUMA,"Toko EnterKomputer di mangga dua mall,  menurut saya toko komputer paling diminati di mangga dua mall. Terbukti karena ditoko ini selalu ramai dikunjungi. â€¦",5 bintang
Enter Komputer,Bayu Arisandi,Bagus banget!! buat kamu yang mau beli Sparepart & Rakit PC impianmu disini tempatnya. Pelayanan OKE dan harga bersaing.,5 bintang
Enter Komputer,Ferdian Erlangga,"Pemesanan online melalui web respon cepat,dan pengiriman sangat memuaskan menggunakan kurir toko. Pemesanan siang sampai lokasi sore",5 bintang
Enter Komputer,Dimas Sukma Pradana,tempatnya asik bisa main di gaming battleground. petugasnya ramah dan cepet kerjanya. semoga barangnya awet,5 bintang
Enter Komputer,apaajaboleh10,"saya ingin beli ssd nvme untuk upgrade laptop sekaligus minta dipasangkan. Setelah barang diterima, ternyata laptop saya tidak memiliki slot tambahan untuk ssd nvme. Toko komputer juga menolak permintaan refund saya. â€¦",5 bintang
Enter Komputer,Indra Priatna,"pelayanan semakin baik, bisa tracking biar tahu sampai dimana orderan kitağŸ‘ğŸ‘ â€¦",5 bintang
Enter Komputer,Dendy Febryansyah,Bagian konsultasi oke. Nanya2 bebas dan mudah. Tapi gak bisa masangin SSD sama RAM sekalian ke laptop. Hadeh.,3 bintang
Enter Komputer,Lutfi â€œLutfi R. Akbarâ€ Rizki Akbar,"Datang kesini jam 4 mau rakit tapi ha bisa diambil di hari yang sama, alhasil diambil besoknya, pelayanannya ramah, yang kurang cuma 1, kenapa kalo pembayaran make CC kena biaya tambahan di toko sebesar 2%, kan lumayan besar kalo pembelian banyak :(.",4 bintang
Enter Komputer,Ezra Ananta,"Datang ke sini awalnya ingin rakit pc, tapi pelayanannya tidak ramah dan terkesan memandang sebelah mata, saya tidak diberikan informasi yang cukup, mungkin karena ingin rakit pc senilai belasan juta aja kali ya, jadi dipandang remeh, jauh lebih baik pindah ke toko sebelahnya aja, lebih baik pelayanannya.",1 bintang
Enter Komputer,TJ H2/6,"Model store rakit pc yg modern, serta spare part pc yg cukup lengkap menjadikan kemudahan sy dalam berbelanja. Pengecekan stock cepat tidak menunggu lama.",5 bintang
Enter Komputer,Eka Rinaldy,"Terbaiklah, respon cepat, packing pengiriman aman dan barangnya selamat dan sehatâ€¦sukses selalu â€¦ salutğŸ‘ğŸ» â€¦",5 bintang
Enter Komputer,ãƒ•ã‚Šã ,"Enter Komputer merupakan tempat langganan untuk beli gadget elektronik seperti perangkat komputer, laptop, ram dan lainnya. â€¦",5 bintang
Enter Komputer,Dikky Andhika Ramadhani,"Staff ramah, teknisi profesional, terbaiklah pokoknya. Semua pertanyaan bisa dijawab dengan jelas, dan bisa kasih rekomendasi juga, keren",5 bintang
Enter Komputer,Solo pio_pio,"Mantap rekomen tapi kalo weekend rame banget, saran aja kalo bisa Dateng pas weekday sih",5 bintang
Enter Komputer,Eko Budianto,"Konsep tokonya futuristik
Harganya sangat terjangkau
Rekomended banget buat yang mau beli aksesoris, laptop atau komputer di daerah mangga 2 atau Sekitar Jakarta",5 bintang
Enter Komputer,Cantilever Bridge,"Keren! Bisa juga loh kalau misalkan yang online pakai voucher lebih murah, digabung dengan pembelian offline di enterkomputer. Pelayanannya sangat ramah, sekedar saran buat pengunjung, datang di hari biasa lebih preferable karena saat â€¦",5 bintang
Enter Komputer,Yusuf Eka Sayogana,"Tempat untuk beli perangkat komputer terbaik, apalagi kalo anda adalah seorang gamer, ini adalah tempat yang saya rekomendasikan, semua kebutuhan gamer ada, mulai dari kebutuhan pc seperti graphic card, Cpu, mother board, ram, dan yang â€¦",5 bintang
Enter Komputer,Arief Ahmad,"Harus sabar meskipun cuma beli 1part karena selalu ramai..
Tidak di sediakan kantong belanja.
Tapi tempat nunggu ga ngebosenin bisa liat2 setup atau main game",4 bintang
Enter Komputer,Setio Pramono,"Pengiriman cepat sehari sampai, kualitas barang ORI... Puas belanja di Enter Komputer.. memang sejak 2012 sudah langganan utk hardware PC... Sekarang bisa beli online..  recommended and trusted...",5 bintang
Enter Komputer,Aznable,Service dan segala hal terkomunikasi kan dengan baik. Pelayanan juga ramah. Sangat memuaskan! Saya bakal dtg lagi,5 bintang
Enter Komputer,Ahmad Vidura,Ini kayanya harusnya semua orang dah tau dah kalo mo cari keperluan komputer udah paling lengkap sejagad ya disini. Dan nunggu nya asik bisa sambil ngegame wkwkwk.,5 bintang
Enter Komputer,Fernando,"Salah satu toko komputer yang sangat lengkap di mangga dua mall. Tempat nya bersih, luas, ada tempat untuk coba mouse, keyboard dll jadi ga bosen nunggu barang yang kita beli Dateng. Karna fyi aja nih. Kalo kita beli itu, pertama Dateng ke â€¦",5 bintang
Enter Komputer,Agni,"Pelayanan sangat ramah,cukup gercep dan packing super aman. Pengiriman dari jakarta ke kalimantan cukup 5 hari saja",5 bintang
Enter Komputer,Andrian Wulur,"Servis atau belanja spare part segala macam komputer di Mangga Dua boleh di Enter Komputer lt 5 ,Pelayananan diterima di konter sales ,setelah melaporkan keluhan atau keperluan ,kemudian dilakukan pengecheckan kondisi komputer/ laptop dgn â€¦",5 bintang
Enter Komputer,Sakti Slipi (ShaQtea),Harga murah pelayanan ramah. Bisa pilih periferal sesuai budget. Mending offline daripada online. CS online-nya kadang rada lambat menjawab pertanyaan customer.,5 bintang
Enter Komputer,Rifblock TechYt,"PENGALAMAN RPIBADI Di WebNya Memang Harga Murah-murah tapi setelah datang ke tokonya stock barang kosong, malah di paksa untuk di alihkan ke barang lain agar kita tetap beli, dengan bukan barang yg kita inginkan HATI-HATI DAH..",2 bintang
Enter Komputer,T. Dian,Udah lama banget ngga ke sini dan ternyata udah pindah ke lokasi yang lebih lega dan tertata rapi. Protokol kesehatannya dijalanin sama staff staffnya tapi tetap saja lebih baik pergi pagian karena sebelum toko buka saja sudah ada 1 baris antrian.,5 bintang
Enter Komputer,Nur Muhammad Rifqi,"Tempat terpercaya untuk membeli peralatan elektronik, harga di bawah harga toko resmi. Saya sudah beli 3 unit laptop di toko ini. Mantapp",5 bintang
Enter Komputer,Student-R,"Mantap perakitan lumayan cepat cuman 3 jam beres, dengan kondisi lumayan ramai, sambil nunggu kita bisa main game juga sambil nyoba2 rakitan dari EK",5 bintang
Enter Komputer,M3ga Sari,"Casingnya keren, antrian banyak tapi dibagi bagi untuk yg belanja online atau ambil produk atau pesan langsung jadi ga padat, diatributor aja ada jalur sendiri salut manajemennya, Sukses terus ENTER KOMPUTER",5 bintang
Enter Komputer,Angga Christian,"Lama-lama nunggu untuk pengecekan, yang ngecek barangnya gk profesional dan terkesan buru-buru. Bisa--bisanya ada part yang ketinggalan saat pengecekan. Jadi harus bolak balik besoknya. Bikin buang-buang waktu sama bensin aja.",1 bintang
Enter Komputer,Arie yanto,"Kacau banget ini beli disini , minta di rakit di tinggal 3 hari , beli windows ori suruh instalin kaga di kerjain , beli headset razor pas ngambil gag  di kasih , beli keyboard meca fighter dikasih yg rusak !! Buang2 waktu banget bulak balik  , beli barang 30jtan kyk jual barang puluhan ribu  service nya",1 bintang
Enter Komputer,Robert Davis Culinary,"Memang ga salah jadi tujuan untuk perkomputeran nomor 1 di Indonesia. Tempatnya luas, meja untuk pesan dan konsultasi rakit PC nya banyak, dan bisa langsung rakit di tempat (pegawainya banyak jd antre ga terlalu lama).",5 bintang
Enter Komputer,Erix Menosa,"Harga barang-barangnya relatif murah. Tokonya sendiri nyaman.
Dari part rakitan PC sampai perkengkapan game mewah ada di sini.",5 bintang
Enter Komputer,Farhan Azwir,"Toko komputer dan tempat rakit PC yang sangat nyaman, pelayanan ramah, dan desain toko yang bagus. Ada game booth juga biar customer tidak bosan menunggu PCnya dirakit ğŸ˜ â€¦",5 bintang
Enter Komputer,Hizbi Audah,"Pelayanannya terbaikk pertanyaan terjawab dengan jelas, harga terbaikk juga fasilitas yg di sediakan wah bangettt  jadi ga kerasa lama nunggunya",5 bintang
Enter Komputer,Nur Oktavian,"Tempat nya bagus, hanya saja untuk pembelian barang (laptop, dll) harus menunggu cukup lama. Sebaiknya jika ingin membeli laptop bisa menghubungi kontak yang tersedia agar bisa membayar DP dulu sehingga bisa dipersiapkan, dan ketika datang hanya tinggal membayar sisanya dan membawa pulang laptop nya",5 bintang
Enter Komputer,LI SUSANTO,"Kesan saya setelah rakit pc di toko ini
Plus nya:
- Harga murah dan update nya cepat, pantau harga di web secara berkala jika â€¦",5 bintang
Enter Komputer,Shanum Jihan Almahyra,Mantap pokoknya,5 bintang
Enter Komputer,Awwan,"New Normal, pas datang kebetulan lagi antrian panjang, tapi tetap tertib dengan adanya no antrian. Staff enter komputer juga dengan tekun mengatur antrian di dalam agar bisa jaga jarak. Marketing di counter juga dengan sabar dan telaten â€¦",5 bintang
Enter Komputer,A.R Liga,Cocokbuat upgrade komputer muu.. pelayanannya the best bangeeettt......,5 bintang
Enter Komputer,Rizky Nur Ramadan,"Kualitas produk mungkin the best, tapi ya saran sih setidaknya ada tempat / ruang tunggu bagi yg merakit lah. Kan pihak toko saja tidak bisa memastikan bukan? Estimasi waktu perakitannya. BerjamÂ² nunggu perakitan selesai, muterÂ² mall sampe pegel, bingung mau kmn lagi, akhir nya ngemper aja udah di depan tokonya.",2 bintang
Enter Komputer,Jeffriyono Sipahutar,"Berbelanja di sini malah membuat saya repot karena pelayanannya tidak hati-hati dan terburu-buru. Saya mengerti banyak pembeli, tapi ya kok saya yang repot jadinya. â€¦",1 bintang
Enter Komputer,Rahmat alfian,"baru beli pc kurleb 38 jt an, entah perasaan saya aja atau bukan kaya dipandang sebelah mata, apalagi pas udh bayar di kasir di cuekin padahal cuma minta tanda bukti dp nunggu hampir 1 jam lebih, lawak kondisi toko sepi wkwk sebagian aja â€¦",1 bintang
Enter Komputer,MAMAD GIMANG,"Kalo mau costumer service yg memuaskan jangan belanja disini, admin tokpednya lelet/slow respon curiga 1 orang doang adminnya, admin wa nya kayak gabutuh duit.. mending belanja ke toko lain masih banyak yg lebih bagus",1 bintang
Enter Komputer,cartridge ryan fraditya,"Dateng pas weekend, bagus nerapin protokol kesehatan dan yang masuk ke store dilimit, dikasih antrian tunggu diluar sampe yang didalam selesai. Gasempet foto dari luar, dan memang gaboleh foto didalam. Disana ada beberapa barang yang unavailable, untuk pelayanannya cukup ramah dan dilayani dengan baik.",5 bintang
Enter Komputer,Bryant Christopher Hihola,"Top markotop service dan konsultasinya, kualitas barang juga ga main2. minta dibantu carikan hp hilang masih mau hehe meskipun kelalaian saya, terima kasih EK. Semoga bisa ke sana lagi next",5 bintang
Enter Komputer,Yulius Sancoko,"Rame sih, tapi CS nya kayak gak niat kasih penjelasan. Semua barang yg saya cari tidak ada dan tidak ada penawaran solusi yg baik. Saya pergi ke toko sebelah, BERES...",3 bintang
Enter Komputer,Denny Lukita,"Banyak customernya, mudah utk Konsultasi brg yg diinginkan,  utk harga sdh coba cek dibandingkan dgn toko jual***.com,  lebih ok,  ada ditoped juga,  tp utk offline pembyran sepertinya tdk bisa credit card.",5 bintang
Enter Komputer,george pri,"Sy rasa dr beberapa kali berkunjung hanya bagian casier doank yg gak ramah. Klo depan, packing, ceking ramah and enak klo di ajak ngobrol.
Om ndutnya jaga kesehatan jgn banyak makan, kurangin badan om. Klo sakit sy bingung mau minta diskon.",5 bintang
Enter Komputer,Wahyu Hidayat,"Buat ngerakit komputer paling komplit, nunggu nyaman",5 bintang
Enter Komputer,Abdul Muslim,"Cukup bagus pelayanan nya,cuma sayang spg masih ada yg lihat dr penampilan. Dan klo bisa ada ruang tunggu serta softdrink nya",4 bintang
Enter Komputer,December Pambudi,"mohon maaf kak, saya  mau build pc tp disusah2in nyari  item di toko, alesanya barang gaada kenapa di display di web kalo memang gaada .. harusnya kalo memang barang minus/ habis stok nya di ilangin",1 bintang
Enter Komputer,Reyhan Nugraha D.,"Walaupun pembelian melalui website, proses pengirimannya cepat,
dikirim pagi sorenya sudah sampai",5 bintang
Enter Komputer,Imam Abdulrohman,"Kesini buat yg udah paham barang yg mau dibeli aja, kalau yg masih lola lolo disarankan mending ke toko lain yg bisa lihat barang display dulu.",5 bintang
Enter Komputer,Ade Fauzan Zulfikar,"Menarik ramah, untuk harga ya bisalah dikatakn rekomen, ğŸ‘ğŸ¼design interiornya menarik sistem penata ruangan juga, semoga terus berkembang dan ya semoga gudangnya deket biar ga terlalu lama nunggu barangnya â€¦",5 bintang
Enter Komputer,Tamara Mailia K. P,Yg mw ngrakit komputer sesuai budget bisa kesini. Nnti di customer servicenya dikasih tau simulasi budget yg kita punya. Rame sih. Jd siap2 antri aja yaa,5 bintang
Enter Komputer,Riku 1602,Barang sampai dengan aman. Sesuai dengan yang di pesan. Walau packing kayu saat diterima rusak tapi dalamnya masih berfungsi/aman,4 bintang
Enter Komputer,Arbhi Akun besar,ada harga ada kualitas sih.... gokil ini tempat...,5 bintang
Enter Komputer,Jodi Martin,"Pelayanan cepat, teriakan silahkan dari mbak-mbaknya diucapkan dengan lantang dan semangat. Boleh nanya-nanya dulu atau sekedar balik lagi buat ngebolang ke tempat lain bakal tetap di layanin lagi dengan ramah. Harga bersaing, dan saya rasa â€¦",5 bintang
Enter Komputer,Aditya Sandro,"Sangat rekomendasi. Respon cepat, Harga Hemat, Kiriman tepat.",5 bintang
Enter Komputer,Zaenal Abidin Privat,"Pelayanan sangat memuaskan, meski baru pertama kali belanja online di ENTER KOMPUTER, baik dari Costumer Sercice maupun balasan chatmya di WA",5 bintang
Enter Komputer,beta taryana,"Sales representative nya sangat membantu, sangat berpengalaman di bidangnya, cepat sekali responsenya. Item2 nya sangat lengkap hampir semua yang saya order mereka punya barangnya. Packagingnya oke banget dan sangat cepat sekali deliverynya...two thumbs up for EK!!!!!",5 bintang
Enter Komputer,Franklin Collin Tamboto,"Untuk rakit PC di sini sangat mantap, hasil rapih dan cepat (kalo lagi rame sih yah lumayan lah ya nunggunya wkwkwk). Beli komponen komputer di sini juga mantap, barang gak pernah cacat pas sampe tangan. Overall sangad mantap ğŸ‘ï¸ â€¦",5 bintang
Enter Komputer,Suhendri Nasution,"Casing bekas, udah banyak baut yg kepasang tapi dol, mobo pin prosesor bengkok, jadi prosesos gak nyala, klaim garansi ribet.",1 bintang
Enter Komputer,Rico Vernando,"pcnya sempat bermasalah dan saya coba tanya di chat tapi tidak ada respon sama sekali, akhirnya saya bawa ke teknisi, semoga kalo ada apa apa kedepannya beneran mau bantu claim garransi kayak di deskripsi â€¦",1 bintang
Enter Komputer,Super Autostore,"Terimakasih Enter Komputer , sudah melayani pembelian kami para costumer dengan respon yang super cepat dan sangat membantu di saat urgent.. sukses s'lalu Untuk EK .Ttp kasih pelayanan terbaik dan yg pasti tingkatkan terus kepercayaan kami sebagai langganan anda.good jobğŸ‘ğŸ¥‡ğŸ¥‡ğŸ¥‡ğŸ¥‡ğŸ¥‡â­â­â­â­â­ â€¦",5 bintang
Enter Komputer,Dodi Aulia Reza,"Harga jng ditanya, sudah jelas lebih OK dari yg lain.

Pelayanan OK, mereka bantu kita rakit pc dan mampu menjawab semua pertanyaan yg â€¦",4 bintang
Enter Komputer,Rafael AF,"Setelah sekian lama nga pake pc rakitan, akhirnya pengen juga bikin pc rakitan. Tanya2 sama temen dan direkomendasikan ke enterkomputer ini. Awalnya cek via website nya dan disana ada buat simulasi rakit pc. Setelah itu lgsung merapat ke â€¦",5 bintang
Enter Komputer,De Rizany,"Baru 1 bulan an sy beli unit alvez type EX dsni, prtama kali ingin mersakan produk china yg sudah produksi nya di cikarang indonesia, memang fitur kndaraan berlimpah dan harga sngat ekonomis dibanding kompetitornya dan fakta kalo sudah â€¦",5 bintang
Enter Komputer,indra kurniawan,Gila nih tempat.gak ada sepinya. Sabtu bisa antrian sampe tutup toko. Tapi memuaskan... Apa yg gw butuhin semua bisa disiapkan.,5 bintang
Enter Komputer,Bthara Reinkanaya,"Mantep pelayanannya lur.

29 april 2024: pesen dan transfer pembayaran lewat chat wa admin nya. â€¦",5 bintang
Enter Komputer,rezki adityakurniawan,"Belanja paling aman dan nyaman ya di enter komputer official, recommended sekali saya pribadi beberapa kali order disini secara online dan tidak pernah ada kendala, untuk kalian yang butuh sparepart pc cukup lengkap dan terbaru bisa â€¦",5 bintang
Enter Komputer,Admin,"pelayanan sangat ramah , sangat membantu sekali untuk customer , respon juga sangat cepat , terimakasih banyak Enterkomputer ğŸ™ â€¦",5 bintang
Enter Komputer,Gabriel Alfred Huwae,"Pelayanan baik offline/online, barang original dan berkualitas, harga kompetitif, pengiriman cepat dan aman.
Untuk transaksi pembayaran cukup aman tapi boleh sedikit saran, mungkin perlu â€¦",5 bintang
Enter Komputer,Marthin Samuel,Beli ram 16 GB disini bagus kok kualitasnya,5 bintang
Enter Komputer,Wastu Wijaya,Kemari beli mouse dan tinta printer. Tapi kurang beruntung sampai rumah ternyata tinta printer tidak terbaca oleh printer saya dirumah. Tinta saya kembalikan dan mendapat penggantian produk baru dari toko. Namun harus bersabar sebab ada masa proses klaim ke brand tinta tersebut. Pelayanannya bagus.. Ruang tunggunya juga luas..,5 bintang
Enter Komputer,Yudhi Bougels,Tempatnya luas... ada khusus jalur antri... ada mini cafe di depan toko... saran alangkah bagusnya disediakan beberapa komputer/laptop untuk konsumen browsing barang atau bahkan bisa langsung transaksi sendiri...,5 bintang
Enter Komputer,Yurisha,"pelayanannya bagus, bisa dirakitin langsung disana. untuk harganya ada beberapa barang yang lebih murah jika dibeli di online shop lain",5 bintang
Enter Komputer,Nayah Thea,Cs ramah da pelayanan cepat. Sore pesan. Besok jam 11 siang udah sampe di rumah. Dari mangga dua mall kirim ke serang banten,5 bintang
Enter Komputer,orionring2,"Pengalamannya cepat, saya dikasih tau yg compatible yg mana dan direcommend part yang lebih bagus. Staffnya juga pinter PC dan ramah. catatan: Kl mw rakit pc hrs bersedia nunggu kira2 2-3 jam, tp itu lumayan cepet karena cable management udah jadi, trus tinggal plug and play+ siapin simulasi dulu di websitenya biar cepet.",5 bintang
Enter Komputer,Vivo Y21s,"Sudah lebih dari 12 tahun beli disini. Harga bersahabat, transparant, pelayanan semakin baik. Terutama dari segi area menunggu yg semakin nyaman.",5 bintang
Enter Komputer,atang rukmana,"Sudah berlangganan setiap kebutuhan inventaris kantor belanja di enterkomputer
Mantap",5 bintang
Enter Komputer,Ovan Kurniawan,Terlengkaaaapp. pelayanan prima. sembari nunggu barang bs kursus nyetir.,5 bintang
Enter Komputer,Bready,"Pelayanan baik dan responsif.
Perakitan cepat, rekomendasi untuk perakitan Komputer",5 bintang
Enter Komputer,Karlin Karduki,Beli laptop disini karena penjualnya bisa menerangkan ttg laptop dengan jelas dan mendetail,4 bintang
Enter Komputer,Chandra Hyde,"Tempat lengkap dan murah, terbaik buat belanja pc dkk",5 bintang
Enter Komputer,Ahmad Rizqi Gunawan,"Pelayanan sangat memuaskan, barang diterima dengan kondisi sangat baik karena packing sangat aman dengan kayu, customer service juga sangat luar biasa mau follow-up permasalahan kecil, request pada waktu order juga dilaksanakan dengan sangat baik, pokoknya luar biasa mantap",5 bintang
Enter Komputer,Ice Cool,Yg jual tools pc ada di lantai 3,5 bintang
Enter Komputer,1cakers,"Mantap, untuk pembelian pertama via web, terbantu sama adminnya. Tentuin aja punya dana berapa, nanti adminnya yg ""racik"" barangnya. Ya walaupun responnya gk terlalu cepet, tapi overall  mantap lah pokoknya",5 bintang
Enter Komputer,Putera Iga Arrahma,Izin review pengalaman di enter komputer terkait klaim cukup mengecewakan komunikasi via wa yang tidak bisa memberikan detail arahan terkait layanan klaim. â€¦,1 bintang
Enter Komputer,Mugeki,"Rekomen buat beli part & ngerakit disini, csnya juga ngebantu banget ketika ada part yang kurang kompatibel",5 bintang
Enter Komputer,bolang,"Pelayanan ramah (waktu itu yg ngelayanin saya mas mas gembul tapi baek dia mau jelasin product knowledgenya) kayaknya diliat dari bentuk storenya lumayan lengkap, terlebih untuk yg gamming gamming",5 bintang
Enter Komputer,Rendra pamungkas,Tempat claim garansi atau pengaduan kendala pada device yang di beli di enter komputer,5 bintang
Enter Komputer,Riki Nurdiansyah,"Ada harga ada kualitas, mantap",5 bintang
Enter Komputer,Ferdian Erlangga syahputra,"Pemesanan online melalui web respon cepat,dan pengiriman sangat memuaskan menggunakan kurir toko. Pemesanan siang sampai lokasi sore",5 bintang
Enter Komputer,Thomas Yuni Gunarto,"Yang mau rakit PC Gamer, Design lokasi yg tepat. Pilih simulasi di website, konsultasi dng admi via chat, byr via transfer, tinggal ambil barang
Kadang admin slow respons krn antrian",5 bintang
Enter Komputer,Yoes Goog,"Pershn BUMN yg cukup populer, di bidang pertambangan dg produk utamanya logam mulia (emas), bijih nikel, bauksit, ferronikel.",5 bintang
Enter Komputer,Lukman Hakim,"Offline Storenya oke banget, tempatnya nyaman, harga kompetitif, pelayanannya bagus, sales personnya pinter (Alivia), ngerti produk dan kooperatif. Penjualan online-nya juga top. Offline dan Online nya bagus semua. Recommended Seller. â€¦",5 bintang
Enter Komputer,Agie Anugrah Pratama,"Kemaren saya nganter temen beli laptop kesitu, tempatnya lumayan lega si, disitu kayaknya hanya menjual barang2 tetmasjk software ori, anti bajakan",4 bintang
Enter Komputer,Ajat Sudrajat,Cukup baik untuk pelayanan nya detail untuk penjelasan barang yang kita cari sesuai dengan kebutuhan aga lumayan lama nunggu pick up nya Karna menunggu antrian yang cukup banyak pembeli nya .,4 bintang
Enter Komputer,meli anpt,tempat nya bagus,5 bintang
Enter Komputer,Umami Utami,ada sediain nomor kontak WA tapi ga dibales. heran deh.,2 bintang
Enter Komputer,Spyro legendz,"Tempatnya bersih, staffnya buanyak
Untuk harga ssd disini ga jauh dari harga toko lain, walau agak mahal sedikit dari toko lain tapi terbayar dengan pelayanan dan after salesnya, untuk cek harga â€¦",5 bintang
Enter Komputer,HEIDY TAMATOMPOL,"Ini toko rame banget....
Saking ramenya orang yang sudah bayar dan mo minta bantuan utk ngantar barang sampe k mobil butuh waktu sampe 30 menit.... Luar biasa.... Klo barangnya kecil â€¦",2 bintang
Enter Komputer,Mulya Sera,Pelayanan ramah ... Ga repot sdh di jelasin semua... Hrg miring setelah berkeliling....,5 bintang
Enter Komputer,Xo Xo,"Buat cewek yang kemarin bareng ibunya klaim garansi di bagian rma dan sempat ngobrol sama saya, siapa tau baca ini, boleh drop sosmednya ehehe, kemarin ga sempat nanya karena lagi liatin komputer saya yang lagi di cek ğŸ˜… â€¦",5 bintang
Enter Komputer,Agus Tri P,"Tempat d lantai 3, agak jauh tapi tempatnya luas, pelayanan ramah dan cepat d banding toko sebelah..",5 bintang
Enter Komputer,Nur Ikhsan,"Pelayanan cepat, admin ramah, pesen part pc hari jumat sore, sabtu pagi sudah dateng.. Masukan dri saya ketersediaan stock tolong selalu diupdate di website, supaya pembeli ga bingung stok masih ada atau sudah abis trus kalo sudah abis â€¦",5 bintang
Enter Komputer,Dezan Hardiansah,"Baik ramah, dapat di percaya, barang sampe dalam 3 hari, jadi jakarta padahal, gg the best lah",5 bintang
Enter Komputer,animgator,"Pelayanan Baik , tempatnya nyaman ğŸ‘ğŸ» â€¦",5 bintang
Enter Komputer,Bang Benq,Keren keren mantap pokonya,5 bintang
Enter Komputer,fernando lutfhi,"Ramah, fast respon, terbaik dah",5 bintang
Enter Komputer,Jerry Manda,"Ngaku gamer? Tapi belum pernah kesini? Haduh. Makin cakep pokoknya ini toko, ada ruangan pegang2 gear mahal",5 bintang
Enter Komputer,Popon Amriyanto,"Bagus,costumer bener2 di layanani seperti raja.ngak lama n gak ribet",5 bintang
Enter Komputer,O S,"Pelayanannya ramah dan fast respon juga cuma kendala pas pembelian terakhir karena dari ekspedisinya lama sih,,terimakasih ya next semoga bisa rakit pc nya disini",5 bintang
Enter Komputer,Risang Ksatria,protokolnya mantab. diberi nomor antrian agar di dalam tidak terlalu penuh pengunjung. keramahan pegawai perlu ditingkatkan lagi.,4 bintang
Enter Komputer,Izonetoo Waone,"Pelayanan sales sih lumayan oke, sales ramah dan membantu, tapi pelayanan klaim di RMA sangat lambat, yang antri banyak teknisi tidak ada..cuma mau klaim ssd yang bermasalah, menunggu teknisi untuk lepas ssd saja buat di tukar ke distributor nunggu ber jam jam..",2 bintang
Enter Komputer,Yosef T,"Beli psu be quiet 850w gold+ dipake ga sampe setaon da rusak. Tapi okelah mungkin lagi sial aja. Eh pas klaim juga dipersulit. Cs ga ngerti2, ditanya solusi jg ga langsung clear. Org harus marah2 dlu baru diarahin cek garansi. â€¦",1 bintang
Enter Komputer,dicky satriani,setelah perbandingan harga memang di Enter komputer paling murah dan lengkap,5 bintang
Enter Komputer,A. S. Mikdar,"Enter Komputer The Best... Saya kenal enter komputer di Kaskus sekira thn 2010 an, hingga saat ini masih exist bukti bahwa enter komputer the best dari segi pelayanan terhadap konsumen maupun produk yang dijual serta layanan after sales-nya.",5 bintang
Enter Komputer,xenarockx made,Ternyata kualitas layanan nya gak sebagus kenyataan nya...memang saat awal dateng kita di sambut oleh pihak customer service dan diajak konsultasi perihal rakitan PC yg kita akan beli.....tapi...saat pembayaran di KASiR...petugas nya kurang â€¦,2 bintang
Enter Komputer,Agiuf,tokped chat sejam lebih. Udah sampe toko ga di layanin,1 bintang
Enter Komputer,dollfie menchestha,"Mantaap.. Pelayanan cepat
Pesan dari web hari minggu sore, hari senin pagi udah dikirimin notif di wa kalo udh bisa diambil. â€¦",5 bintang
Enter Komputer,Rahadian Adinugroho,Perakitan lumayan cepat dan manajemen kabelnya lumayan rapi. Tapi waktu selesai sebaiknya didouble check komponen yang nggak kepake sudah lengkap atau belum. Soalnya saya beli disini cover PCI punya casenya ketinggalan. Untungnya waktu â€¦,4 bintang
Enter Komputer,Indra Priatna,"Teknisi kurang bagus, pasang SSD ditunggu sejam belom dikerjain alasan lagi banyak pelanggan katanya, sekali dikerjain ngasal asal pasang aj tuh SSD, mending beli SSD aja gausah dipasang disana",2 bintang
Enter Komputer,Danz GF,"Pelayanan sangat memuaskan,udah 3 tahun beli disini terus, respon cepat, Part Gamingnya murah dan bagus rekomendasi untuk yang butuh kebutuhan PC gaming",5 bintang
Enter Komputer,Dicky Huang,"baru beli september tahun lalu, awal februari sudah rusak tidak tahu kenapa. tukang servisnya juga ga bisa menjelaskan kenapa bisa rusak. terakhir dia bilang ssdnya perlu digaransiin. sudah 2 minggu lebih pc saya belum bisa diambil karena nunggu garansinya. kapok deh beli di sini.",1 bintang
Enter Komputer,Sutrisno 19,"Tempat biasa cari laptop dan aksesoris komputer,audio ataupun hp komplit banget disini",5 bintang
Enter Komputer,Raihan Fajar,"Rakit atau upgrade PC disini aja, bakal dibantu dari 0 kalau tidak mengerti, staff-staffnya baik dan sabar, pelayanan Bintang 5 dan rakitnya juga rapih",5 bintang
Enter Komputer,metta selani,"Lumayan lengkap barang yang dijual disini. Tapi harus sabar aja disini karena yang beli banyak,perlu waktu untuk rakit tp pasti terlayanin kok.
Kalau mau cepet yah datang pagian sblm ramai dan bisa tny2 lebih lama",5 bintang
Enter Komputer,Nikko Herdwianto,Tidak bisa qris. Transaksi 1 maret 2025,3 bintang
Enter Komputer,Haikal Firmansyah,Bagus banget dan bisa dibilang pelayanan nya cepat worth it guyssğŸ‘ŒğŸ‘ğŸ‘ â€¦,5 bintang
Enter Komputer,KUCENG Projects 25,Blanja disini pelayanan bagus.. pengiriman cepat .. packing rapi .. teliti sama barangnya.. terimakasih enterkomputer,5 bintang
Enter Komputer,yoes andie,"Komputer yg kami beli cukup memuaskan.
Barang asli. Baru dan sesuai spesifikasi. â€¦",4 bintang
Enter Komputer,Narodo Mario,"Beli PC rakitan lewat online shop mereka di salah satu e-commerce, dari awal nanya info yg diberikan kalau barang bisa dikirim hari yg sama dengan metode instan. Tetapi akhirnya tidak bisa dan pesanan cancel karena mereka bilang stok habis. Ga jelas,.",1 bintang
Enter Komputer,mul yadi,Saran saya bisa di percepat aja dan barang segera mungkin di berikan setelah pembayaran lama kalo harus nunggu 45mnt,3 bintang
Enter Komputer,surahman wijaya,"pelayanan mantap, pengiriman cepat,",5 bintang
Enter Komputer,Ramdhan bagus,"Bagus pelayanannya, marketingnya ramah.

Hanya saja saya datang diwaktu yang tidak tepat, datang hari minggu jadi tidak bisa cek barang vendor yg ready stok, terpaksa beli part yg sedang ready saja.",5 bintang
Enter Komputer,Lunnardo Soekarno Lukias,"Pelayanan ramah dan cepat kalo tunggu pesanan atau rakitan bisa di dalam duduk-duduk atau ada gaming corner yang bisa dipake buat main game. Sayang gamenya terbatas cuman Valorant, CSGO, dan PB.",5 bintang
Enter Komputer,Ilham Utama,"Proses refundnya lama bgt, bilangnya 3-7 hari kerja. sudah 10 hari belum juga di transfer. Bilangnya vendor belum refund uangnya. tapi sebagai sudut pandang customer yang membeli barangnya ke Enterkomputer seharusnya proses refund jadi tanggung jawab dari toko.",1 bintang
Enter Komputer,Hugo Dela Bretoniere,Terbaik ini. Barangnya authentic dan untuk klaim garansi gampang. Tapi memang nunggu barangnya lama karna dia tidak ada display kudu ambil di gudang. Utk harga reseller paling murah se-Indonesia. Semoga dipertahankan.,5 bintang
Enter Komputer,William Mc Clure,Servicenya top karyawan nya ramah,5 bintang
Enter Komputer,Rivaldo AH,"beli pc rakitan sendiri online melalui webnya, kirim ke luar jawa. Pelayanan responsif, jelas, to the point. rekomended lah pokoknya. Barang sampai di tempat dengan aman.",5 bintang
Enter Komputer,Cikal Firman,"Keren tempatnya, mw rakit komputer juga lebih enak krn UI/UX web dan Aplikasi androidnya keren buat nyusun spek komputer yg sy mau..",5 bintang
Enter Komputer,Delon Dalair,"Service ok dan detail sampe ke konsumen dikasih saran yang lebih baik untuk performa komputernya, walaupun ane tolak ğŸ¤­ ini pengiriman pake JNE ke palembang sudah 3 hari belum sampai, mungkin siang, jangan sampe besok minggu. Dah gak sabar â€¦",5 bintang
Enter Komputer,maximillianus forrest,"Dulu sekali, pernah belanja rakit komputer di sini melalui email, karena saat itu belanja online tidak terasa seaman sekarang. Kemarin beli komputer rakit lagi, sama seperti sebelumnya sangat puas. Semua komponen aman tanpa lecet, kardus â€¦",5 bintang
Enter Komputer,Kharis Maulana,"Cable Management-nya kurang rapih, mungkin karena weekend lagi ramai jadi secepat mungkin aja biar rakitan yg lain ke kejar juga. Selebihnya mah semuanya udah bagus kalo enter mah. Apalagi selama nunggu udah ada banyak hiburannya",4 bintang
Enter Komputer,JBS Official,"Tokonya mantul, semua staf ramah, saya sok2an gaya rakit sendiri, ternyata trouble masih dibantu in h+2 beli, mantap lah wkwkwk. Minus nya ya kadang barang kosong wkwk",5 bintang
Enter Komputer,helyanto indrawan,"lengkap, kualitas ok,  harga part dirasa paling masuk akal.  top",5 bintang
Enter Komputer,Andri Siswanto,"Sekalipun saya di pedalaman Papua dan baru dalam dunia komputer, Enter Komputer selalu memberikan solusi terbaik saat berbelanja. Terima kasih Enter Komputer. Sukses selalu",5 bintang
Enter Komputer,Jott Warb,"Dipersulit kalau mau claim garansi
Harus siap menunggu setengah bulan(paling cepat) hanya disimpan digudang dan tidak dicek pas prgi hanya dikasih pilihan mau nunggu setengah bulan lagi atau tidak jadi claim garansi",1 bintang
Enter Komputer,todo bien,pelayanan baik offline maupun online. terpercaya. thankyou,5 bintang
Enter Komputer,Mountanalis C. Nugroho,Tempat beli komputer dan asesoris serta perlengkapan jaringan yg lumayan lengkap dan harga bisa bersaing.,5 bintang
Enter Komputer,Yanchesz Hanchesz,"Pusatnya merakit komputer. Budget bisa disesuaikan dengan kemampuan. Staffnya mempunyai product knowledge yang baik sehingga bisa membantu kita dalam memutuskan barang mana yang lebih bagus kualitas dan ketahanannya. Sebaiknya datang pada hari biasa, tanggal merah toko tetap buka tapi distributor tutup.",5 bintang
Enter Komputer,Arifin 46,"Dulu andalan pas masih dilantai 5 sekrng terutama tu sales laki paling kiri sombong nya minta ampun, amit2 gua nanya or beli disini lagi.
Pertanyaan sales laki apa itu garansi distributor? â€¦",1 bintang
Enter Komputer,Asep D. Suryana,"Tempat nya keren.
Receptionist/ information center nya banyak, jadi yg datang langsung di arah kan, apakah tanya-tanya dulu, atau konfirmasi pembelian setelah merakit online. â€¦",5 bintang
Enter Komputer,Moh. Rafi ilham,"Pelayanan ramah, proses cepat (ganti ram Â±15 menit), harga terjangkau",5 bintang
Enter Komputer,Faizal Mubarak,Toko Computer langganan dari dulu yang lokasinya di dalam Mall Mangga Dua,5 bintang
Enter Komputer,Dradio Jambi,"Rekomended banget, admin yg ramah dan selalu kasih rekomendasi dengan baik, packing aman, refund kelebihan dana juga aman, dah pesen 3 PC semua aman lancar jaya â€¦",5 bintang
Enter Komputer,Vincent liunardi,"Tempatnya luas, lengkap dan harga juga bagus. Klau ke sana pasti betah",5 bintang
Enter Komputer,CRYSANTHI P W,"Tempatnya okay, pelayanannya ramah Dan cepat. Thaaaank you ğŸ˜ğŸ‘ â€¦",5 bintang
Enter Komputer,Yunerikhe Febrianara,Pelayanan Terbaik,5 bintang
Enter Komputer,Terry Junior Pratama,PC sampai kerumah dengan selamat packing aman ke kalimantan terimakasih enterkomputer,5 bintang
Enter Komputer,Umar Mardianto,"MbaÂ² yg bertugas di tempat konsultasi kurang bisa menjelaskan&menawarkan produk, teknisinya sangat nyebelin. Saya akhirnya beli laptop di toko sebelahnya...",1 bintang
Enter Komputer,FAIZAL INDRIAWAN ABDULLAH,"Saya beli barang barang komputer disini semuanya ada, qualitas bagus, gk nunggu lama, harga lebih murah dibanding toko lain sejauh ini belom ada masalah untuk barang barang dari enterkomputer.
Terimakasih enterkomputer",5 bintang
Enter Komputer,Vintale,"Respon lumayan, pelayanannya baik sekali Dan selalu berusaha memberi customer tips jika ada bagian PC yang tidak cocok",5 bintang
Enter Komputer,Alvin Raditya,"salah satu tempat andalan untuk browsing aksesoris dan jeroan komputer. pilihannya termasuk yg paling lengkap, pelayanan bagus, baik sales maupun after sales, harga bersaing, kurang apa coba??",5 bintang
Enter Komputer,Dee Tjahjono,"Begitu masuk Enter Komputer, terkesan cukup profesional dan terorganisir. Ada banyak customer service, masing-masing duduk di depan komputer siap melayani pertanyaan dan kebutuhan konsumen yang datang. Customer service nya cukup sigap. â€¦",5 bintang
Enter Komputer,Brian Cendika,Untuk harga barang ok bahkan bisa di bilang sangat baik yg membuat saya kurang puas adalah pelayanannya di saat pemilihan barang atau pemesanan barang . Security sangat menolong dan teknisi juga. untuk waktu pengambilan barangnya bisa di bilang cukup lama . Tapi overall saya puas dengan kondisi barang,3 bintang
Enter Komputer,Almadina Citra Fitriani,"Sudah 2x beli produk di sini. Yg pertama SSD buat laptop pribadi, yg kedua chargeran buat laptop orang lain. Dan alhamdulillah duaÂ²nya memuaskan. Semoga semakin sukses dan semakin bagus kualitasnya yaa.",5 bintang
Enter Komputer,Wisnu Firmansyah (wisnufirmansyah1412),Sangat melayani dengan baik tp sempet salah pasang jd nunggu lagi,5 bintang
Enter Komputer,Andrea Bastian,"Toko nya besar, tp over crowded. Beli nya si enak, harga lumayan murah. Begitu komplain baru berasa ga enaknya. Baru beli 2 hari, klaim mestinya tuker 1 on 1, tp ga bisa dg alasan kesalahan user. Padahal emang barangnya fault.  Setelah â€¦",2 bintang
Enter Komputer,Rizky Pratama,Pelayanan bagus dan terpercaya,5 bintang
Enter Komputer,Fredy Elyeser,"Pelayanan online sangat buruk.. konsultasi, tanya barang nunggu balas2annya berjam jam.. bahkan setelah transfer pembayaran pun masih lambat..",1 bintang
Enter Komputer,Arzarea AI,"t4 paling enak buat belanja komputer, harga terjangkau",5 bintang
Enter Komputer,zakir syah,"+. Harga paling bersaing (paling ngambil lebih 25-100rb dari harga quantity distributor)
+. Waktu dari setelah bayar sampai barang bisa d ambil lebih cepat dari â€¦",5 bintang
Enter Komputer,Susan Simanjuntak,"Pelayanan memang cepat,, tapi terkesan terburu2. harus cek kembali invoice nya karena tidak tahu kenapa ada masuk ""biaya layanan"", setelah saya tanya, biaya tersebut kalau menggunakan kartu debit padahal dari awal diminta transfer m-banking saja. setelah itu, langsung diganti tanpa biaya tsb.",3 bintang
Enter Komputer,Rossydina Amanda,"MENDING BELI DI BHINNEKA. beli laptop karena lebih murah 200rebu ternyata ga worth sama perlakuan staff di toko. saya pesan online tapi barang ambil sendiri. terkhusus staff kasir yang lamban, ga informatif, dan malah emosi pas saya â€¦",1 bintang
Enter Komputer,Khari Secario,"Harga ga murah2 amat. 11-12 sm toko sebelah. Stoknya jg ternyata disuplai Dr tempat lain. Pengambilan yang harusnya cuma setengah jam (yang pesanan saya jadi 1 jam), saya harus nunggu hampir 2 jam. â€¦",3 bintang
Enter Komputer,Abdul Malik,"Recommended banget nech toko...
Pegawainya ramah smua...
smua yang kita mau dari mulai merakit PC yang sesuai bugdet n paket2 komplitnya â€¦",5 bintang
Enter Komputer,Ida Rosida,Memuaskan dan ramah marketingnya....,5 bintang
Enter Komputer,Achmad Firdaus Adinegoro,"Pengalaman membeli online menggunakan WA:
Fastrep, sangat membantu, barang dipacking dengan rapi, dan barang cepat sampai",5 bintang
Enter Komputer,Andri Kurniawan,"Hati hati beli di sini. Beli casing (nota #SDNB78N)
Sampai rumah casing dalam kondisi penyok dan kaki karet hilang satu.
Di komplain, ternyata tidak bisa retur. Alasan, kenapa tidak diperiksa di toko. â€¦",1 bintang
Enter Komputer,Malvin Hariyanto,"Tempatanya oke rekomen buat ngerakit pc, tempatnya juga nyaman. Kebersihan nya juga bgus bersih banget. harga bersahabaat juga dijamin ori yg pastinya. Keramahan para prgawainya juga diacungi jempol de.",4 bintang
Enter Komputer,oscar xu,"Tempatnya gede. Harganya standar lah, gak mahal, gak murah2 bngt jg.",4 bintang
Enter Komputer,Killandi Blogo,"Kalau beli batere laptop sebaiknya jangan disini.

Tapi kalau yang lain, ok punya.. dan terjamin. â€¦",3 bintang
Enter Komputer,Andrew,"Build PC disini, build yang diinginkan tercapai, akan tetapi beberapa part harus disubsitusi, dan agen yg membantu build kurang paham mengenai detil build, seperti misalnya apakah RAM klevv 3200 mhz itu udh standar JEDECnya segitu, atau â€¦",4 bintang
Enter Komputer,Tato Satriyanto,"Keren metode pelayanannya. One stop shoping utk kebutuhan rakit komputer.
Buat yg ngga ngerti teknis nanti dibantu sama salesnya. Kalo ngerti bisa simulasi barang2nya di website nya dulu sebelum ke sini. Tapi pastiin masukin yg â€¦",5 bintang
Enter Komputer,DEN SYUHADA,"UANG PEMBELI SUDAH DI TRANSFER PADAHAL DI MEDSOS BARANG READY TERNYATA PAS KURIR MAU AMBIL BARANG EH KOSONG. MERUGIKAN PARA PEMBELI, AJARIN KARYAWAN SANA UTK YG PRIA ""SDM ATTITUDE MINES"" !!!",1 bintang
Enter Komputer,NewTreeSarie,"Banyak pilihan pembayaran , pelayanannya ramah bisa konsultasi dulu cocok apa tidak part2 nya ,tempat duduk buat nunggu nya banyak",5 bintang
Enter Komputer,Nathan,Harga relatif sama dengan online shop gk beda jauh. Pelayanan dan garansi diurus dengan baik. Sebaiknya mengecek ketersediaan barang atau konsultasi melalui website dan whatsapp customer service sebelum datang ke tokonya untuk menghindari â€¦,4 bintang
Enter Komputer,Wildan Harits,"Pelayanan cepat, semua barang dicek dengan baik",5 bintang
Enter Komputer,Fitri Aidyawati,"Harga ckup murah. Kalo mau rakit di lokasi, mesti dateng pas toko buka (jam 10 pagi),, max jam 11:00 dilokasi kalo pc klian mau diambil di hari yg sama.. agak kecewa sama teknisi-nya, disedia-in 8 teknisi bwt rakit pc, tapi saya pantau â€¦",4 bintang
Enter Komputer,reza shahrulsyah,"Customer Service, teknisi cukup informatif dan ramah, produk yg dipesan siap dlm 20 menit setelah pembayaran. Recommended..",5 bintang
Enter Komputer,Adim As,"Pelayanan bagus, lumayan murah dari toko sebelah.
rencananha mau beli pc, tapi terkendala berat di ongkir
akhirnya hanya beli komponen yang ada di dalam cashing aja.
cashing dan monitor beli di kampung aja.",4 bintang
Enter Komputer,ARK 48,"Barang lengkap. Yang saya cari sudah ada di toko ini, di saat toko lain masih belum ada. Respon cepat dan tanggap. Barang sampai rumah dalam kondisi bagus. Toko yang amanah. Semoga sukses selalu",5 bintang
Enter Komputer,Mila Pangestu,"Respons ckp baik/cepat,bantuan pengarahan jg ok.Brg yg dibeli adlh 3 pcs DDR3 Vgen 8GB,skrg msh tunggu kiriman sampai,shg info hny sejauh ini.",5 bintang
Enter Komputer,Putu Adhi,"Pertama kesini shock liat antreannya panjang banget, padahal lagi gak ada promo apa-apa.
Tempatnya nyaman, ada tempat duduk tunggu yg luamayan lah, pelayanannya bagus, â€¦",4 bintang
Enter Komputer,Hamzah,"Toko komputer paling gila sepanjang masa.
Selisih harga jual distributor sama harga toko 3rb-25rb mana ada tokolain yg berani gini â€¦",5 bintang
Enter Komputer,Fajr muzzammil,honest review. kalo mau rakit disini dan cepet jadi mending dateng pas toko baru buka karna perakita cukup cepat tapi pengadaan barang yang lama tergantung antrian. untuk yang mau konsultasi rakit pc tidak disarankan menanyakan ke costumer â€¦,5 bintang
Enter Komputer,Ryan arie,Brg2 dgn harga termasuk murah cm akan habis waktu anda menunggu krg lbh 30 menit brg baru dtg. Sselisihplg 50 cepe. Tp yg ada boncos krn ongkos mijit 300k gr2 berdiri kelamaan kaya spg lapangan.,2 bintang
Enter Komputer,WIRATAMA,"Harga Hampir sama dengan Online, Waktu Tunggu Pengambilan Barang Lama, Pelayanan OK, Klaim Garansi OK. Layanan Web dan Chat OK. Lebih baik pesan barang dulu lewat chat atau web, setelah itu ambil barang ke toko. agar tidak lama menunggu.",4 bintang
Enter Komputer,Bang Ip,"Bagus tapi terkadang ada csnya yg asal asalan aja memberikan keterangan ke pelanggan alias kurang ramah kali ya,tapi salut untuk cs yg m nggunakan kerudung memberikan penjelasan yg sangat baik mengenai bebeapa produk,dan produk dan â€¦",3 bintang
Enter Komputer,Sem Yeong,"belanja nya mudah via WA
stok melimpah banyak pilihan
harga murah sesuai budget",5 bintang
Enter Komputer,yudha prawira,"Kaget liat tempatnya, pelayanannya pro bgt dan CSnya siap sedia menjelaskan tanpa perlu nanya ke kiri kanan â€¦",5 bintang
Enter Komputer,Papua Muda,"Toko terpercaya, harga kompetitif, pelayanan cepat, barang berkualitas",5 bintang
Enter Komputer,Muhammad,Pelayanan sangat memuaskan namun harga yang ditawarkan sangat merakyat,5 bintang
Enter Komputer,Roy Siregar,"Bagi teman2 yang punya hobby rakit komputer dan gaming, disini bakalan di manjakan dengan gaming gears and acessories, inspiratif bangetlah, tersedia berbagai macam , mulai dari motherboard gaming, hogh end graphic card, gaming mouse and â€¦",5 bintang
Enter Komputer,Hedwigus WDA,Tempat racun bagi para gamers,5 bintang
Enter Komputer,Mathiuse Wolfy,"sebulan lalu saya kesini buat beli pc rakit, baru sebulan sudah ada masalah di pcnya. pc tidak mau menyala. saya yang dari jauh yg awalnya berharap besar ternyata hasilnya bikin ketawa.",1 bintang
Enter Komputer,Bintang Asia,"Harga patokan buat belanja di mangga dua.
Bisa pesan lewat online plus dirakitin juga.
Harga lumayan murah â€¦",5 bintang
Enter Komputer,Agung Rahmadi,Tempat saya beli laptop dan upgrade ssd ram.,5 bintang
Enter Komputer,Daniel Lim,"Fast respon,trusted,dan pastinya good quality bakal beli lagi untuk kedepannya",5 bintang
Enter Komputer,Roberto Ronald,"sudah 2 kali beli disini dan habis 29 jt. pelayanannya memuaskan, sempat tuker barang juga dan bisa mantaap deh",5 bintang
Enter Komputer,Ahis Prastio,"Toko terbaik yang pernah saya kunjungi, sales nya sangat ramah dan mereka sangat welcome kepada customer yang datang, nanti kita bisa berkonsultasi dulu mengenai barang yang kita cari dan kebutuhan kita seperti apa. untuk harga nya menurut â€¦",5 bintang
Enter Komputer,Muhammad Iqbal,"Kurang puas sama pelayananya, kebijakanya aneh kalau beli barang harus beli 3 baru boleh dipasangin.. aneh sekali saya sudah mau tambah beberapa part yg jatohnya buang2 uang karna pc saya butuh minor upgrade saja,  eh ternyata staff nya â€¦",2 bintang
Enter Komputer,Real Majid 7,"Mohon SOP pelayanannya lebih diperjelas lagi, Minggu lalu sya ganti SSD pelayanannya bagus, bisa cek dlu kompatibel ato enggak dan bisa skalian pasang juga
Tapi kali ini kok mau upgrade RAM pelayanannya udh beda, kita malah diarahkan â€¦",3 bintang
Enter Komputer,vica pippi,"dtg pgÂ² krn pc anak saya bermasalah.. ternyata fyi aja.. klo kita blm tw part  apa yg mw d ganti .. d ek ini ga bs ya gaess.. tp alhamdulilah ada salah 1 staf yg anter kita ke toko lain utk coba servis. ..ek ini ada d lt 3 , toko nya gede lengkap pas banget wat anak geming maenÂ² d sini..",5 bintang
Enter Komputer,Aldien Febriansyah,"Pelayanan buruk banget, terakhir 2018 ke sini masih enak, 2022 udah payah pelayanan buruk, orang angkat pc berat ga dibantuin, gabisa menuhin request customer, mending beli online aja masang sndiri dirumah",1 bintang
Enter Komputer,Defi Susisusanti,"Tempat konsultasi, rakit komputer di Harco mall mangga dua. Pelayanan cukup ramah dan cepat. Tempat sering ramai dan antri apalagi kalo hari libur atau weekend. Tempatnya unik seperti di film matrix kalo udah kesini. Recommended buat yang mau rakit komputer hanya di enter komputer mangga dua mall.",5 bintang
Enter Komputer,Randy Renardi,"Baru beli 13th gen intel cpu, dan mobo yg diorder keluarnya sbelon cpu nya keluar, jadi ada keraguan apakah mobo nya support cpu baru nya atau tidak walopun di websitenya tulisannya support tapi ternyata di cpu support list dr ASUS ga ada â€¦",5 bintang
Enter Komputer,pandji prakoso,"rekomen banget. admin fast respon, harga harga item nya masih masuk akal (dan kantong), packaging rapi (plus bubble warp).",5 bintang
Enter Komputer,Nita Cahyo,"Tempat yang baru skrg lebih nyaman, keren dan tertata rapi meski memang harus menunggu juga karena customernya yang datang sangat banyak. Tokonya lengkap dan harganya terjangkau",5 bintang
Enter Komputer,Ardie Hudianto,"Pengalaman berbelanja komputer rakitan yg sangat nyaman, cepat dan presisi sayangnya barangnya kadang sering ga ada apalagi klo dtng pas sabtu minggu, overall pengalaman yg menyenangkan merakit komputer di enter komputer",5 bintang
Enter Komputer,Naufal Ibrahim,"Pelayanan cepat dan memuaskan, terbaikğŸ‘ğŸ» â€¦",5 bintang
Enter Komputer,Axl TJ,Pelayanan Ramah. Harga Bersaing. Pencarian barang sangat mudah.,5 bintang
Enter Komputer,SevenAngel,"Lebih di perhatikan,khususnya dibagian pickup,setidaknya sebelum menyerahkan barang ke customer di cek terlebih dahulu barangnya apakah dipastikan bisa menyala???saya beli pc rakitan disini, â€¦",2 bintang
Enter Komputer,creon aryo,"Ga perlu diragukan lg lah kalo belanja di tempat ini baik offline/online. Prosedur pelayanannya jg rapih, walau kadang suka ngantri dikit tp ttp nyaman. Minusnya cm ga bs nawar aja nih disini ğŸ˜Œ â€¦",5 bintang
Enter Komputer,raga rimaldi,"Pelayanan cepat dan ramah, tempat besar dan nyaman, demo unit dan showcasenya juga menarik. â€¦",4 bintang
Enter Komputer,Budy Permana,"Saya hari ini beli dan rakit pc karena sdh sore jadi besoknya mau diambil setelah makan siang, pelayannya ramah dan bisa mengedukasi pembeli agar mengerti dan harga pas tidak bisa tawar menawar ,mungkin kalo ada voucher diskon bisa didiskon â€¦",5 bintang
Enter Komputer,irfan creative,"semakin lama, semakin kacau pelayanannya.

saya pesen part pc via website sudah dibayar dari pagi sampai disana kode pick â€¦",1 bintang
Enter Komputer,Kay Mar,"Nunggu komputer sakit, baru beli langsung meninggal, kl komputer gw beres gw kasih 5 star",3 bintang
Enter Komputer,Rizki Fauzan,"The best sih ni toko, pelayanan dri admin di website juga grecep, ramah dan baik bgt. Pelayanan di offline storenya juga sama. Gokil!",5 bintang
Enter Komputer,Hendi Hermawan,Sistem layanan penjualannya unik. Setiap staf penjualan diberikan meja khusus untuk melayani pembeli. Disini disediakan ruang tunggu untuk menunggu barang yang dibeli tiba. Karena banyak barang yang dijual disini tidak siap stoknya. Jadi â€¦,5 bintang
Enter Komputer,Ian,"Produk banyak, pelayanan terlalu kaku, skema boleh, tp skema yang bikin rumit mungkin ga semua orang bs terima, tergantung visi dan misi EK sih. Sukses ya lur",3 bintang
Enter Komputer,Virnaz Adithya Prakasa,"Pelayanan nyaman dan ramah, pembayaran praktis.",5 bintang
Enter Komputer,Adi Prayitno,"Tempatnya lumayan besar dan ramai buat keperluan berbelanja kebutuhan elektronik seperti komputer, laptop, perlengkapan gaming dll...ya walaupun masih banyak barang yang stoknya ga ada atau sering habis",5 bintang
Enter Komputer,Ardhit Ramadhan,"mantap, sat set das des, operator cs sales nya tanggap meski ga keliatan.
sales nya juga sabar. kasir nya jutek, teknisi nya friendly, ngasi solusi dan saran. â€¦",5 bintang
Enter Komputer,Bhayu Septyana,"Pelayanan konsultasi bagus, harga tdk overprice, tapi sayang untuk barang2 yg tdk ready stock (ngambil di toko lain) datangnya lama sekali, minggu lalu beli MSI RX 570 nunggu barangnya datang hampir 2 jam...",3 bintang
Enter Komputer,Putra Ramadhan,"Pelayanan bagus, harga paling murah, tampilan toko juga bagus banget, hanya saja kalo order jangan dateng ke toko, sakit hati kalo nunggu lama banget, bisa 3 jam, mending order pakai gojek / expedisi..",4 bintang
Enter Komputer,Yani Sahi,"Belanja komputer murah disini tp nga murahan, pelayanan no 1",5 bintang
Enter Komputer,Dicky Chriswandi,"Rekomendasi rakit pc sih, karyawannya bukan yg asal rekomendasiin komponen tapi yang sesuai sama budget kita atau spek yg kita mau dr yg mahal sampe murah, tempatnya nyaman, bisa nyoba main game di pc yg disediain tapi rata2 valorant sama â€¦",5 bintang
Enter Komputer,adi nugroho,"Informasi stock barang yang masuk dan keluar ada disini, barang sudah tidak produksi juga dapat info dari sini",5 bintang
Enter Komputer,silverbullet,Klaim garansinya cepet juga ya ternyata. Asal sesuai prosedur dan lengkap.,5 bintang
Enter Komputer,Ardilla Syahdan,Tempat mencari aksesoris dan perlengkapan komputer yg lengkap. Bagi yg mau rakit PC dari Nol. Tempat ini wajib kalian kunjungi. Tapi sebelum kesana usahakan sudah liat2 harganya di website resmi mereka dulu. Biar pas sampai sana langsung â€¦,5 bintang
Enter Komputer,Rizki Pramana,"Helpfull banget pelayanannya, ramah & solutif",5 bintang
Enter Komputer,Mustaqim,"Solusi lengkap buat cari hardware PC dan Laptop,  kemarin kesini nyari SSD dan RAM buat upgrade Laptop, dan dikasih penjelasan detail sama mas nya., alurnya juga jelas mulai dari konsultasi, check stock, kasir sampai ambil barang, jadi gak ada antrian buat customernya., good work Enter.",5 bintang
Enter Komputer,Mutiah,Aftersales servicenya bener-bener mengecewakan. terutama pas Klaim Garansi. Kartu Garansi maupun nota sama sekali ga dikasih cap toko jadi harus ngirim unitnya ke toko dulu baru diurus garansinya. itupun pakai biaya lagi utk administrasi â€¦,1 bintang
Enter Komputer,Gilang Dwi Prasetiyo,"Barusan banget mampir ke Enter Komputer, dateng jam 6 buat bela2in rakit pc dan akhirnya kelar jam 8an karena antrian lumayam buanyaak.. alhasil jalan jadi remang2 di mall itu saat pulangnya. â€¦",5 bintang
Enter Komputer,Dwi Bakti Novianto,"Sangat buruk pelayanannya, beli online rakitan komputer, kurang kabel seharga 6000 tidak disarankan dari awal, begitu mau beli suruh menunggu 30 menit karena kabel, padahal rakitan sudah selesai dari siang, benar benar mengecewakan, padahal saya sudah beli 5 komputer rakitan, dan terakhir yang terburuk",1 bintang
Enter Komputer,may yutub cenel,Pelayanannya tersistematis jadi ketika kita datang langsung ada sales nya yang mencoba menawarkan produk produk yang dijual. Kita juga bisa sharing dengan sales-nya mengenai barang yg akan kita beli. Proses penantian barangnya terkadang â€¦,3 bintang
Enter Komputer,Supriyono Usmani,"Sistem pelayanannya bagus dan keren, toko komputer yang profesional",5 bintang
Enter Komputer,Harnsen Sia,"Saya pernah beli dan rakit di enter komputer, awal"" saya kira ini company yg worth it, tapi service nya dan Layanan kurang sangat memuaskan, beberapa bulan ke depan PC saya mengalami banyak banget masalah di software dan hardware. Dan â€¦",1 bintang
Enter Komputer,Hendera Widjaja,"Tempat yg tepat buat teman "" yg mau rakit komputer dari nol atau hanya belanja part, semua tersedia lengkap di sini. Harganya jg sangat bersaing. Istilahnya one stop computer shopping store. Dilayani oleh customer service yg ramah dan cepat â€¦",5 bintang
Enter Komputer,Budi iteru,"Tokonya Klo Hari Sabtu rameee sekali, antriannya panjang, Klo Hari kerja masih mendingan, pelayanan nya ramah, yg agak lama pas proses pickup barangnya",5 bintang
Enter Komputer,Ayu Chitra Anggraini,"Recommended bagi kalian yang ingin membeli laptop, atau hardware lainnya, harga yang ditawarkan cukup transparant (terbuka kepada pembeli). Namun sayang jika ada retur barang yang kita beli ternyata tidak sesuai/salah dikarenakan kesalahan â€¦",4 bintang
Enter Komputer,No name,"Tempat cukup nyaman, hanya antriannya saja cukup panjang,kalau bisa siapkan data data yang mau dibeli,jadi salesnya tidak perlu cari barangnya...",4 bintang
Enter Komputer,Fajar Dwi Putra,"Ini Hanya Toko. Gamau sediain pemasangan part laptop. Laptop padahal, bukan PC. Denger2 karena pernah angusin perangkat jadi kapok padahal klo bisa ada biaya oemasangan mahal mah orang suka. Orang gamau repot nyari tmpt yg mau masangin.",4 bintang
Enter Komputer,Muhamad Muhadi Siswo U,"barang cepet sampai, pelayanannya ramah yg online maupun yg offline.. emang uda hampir 10 tahun langganan di enterkomputer",5 bintang
Enter Komputer,Angga Aria,"Tempat mudah di temukan karena lumayan besar. Pelayanan di sini ramah dari security, customer service dan kasir. Harga bersaing murah nya dengan toko komputer lain. Yang sangat di sayangkan kalau bisa ke Enter Komputer pada weekday, karena â€¦",3 bintang
Enter Komputer,Nime â€¢ Gami,pelayanan nya baik dan disediakan beberapa komputer yang bisa digunakan untuk menunggu pesanan,5 bintang
Enter Komputer,adrian Hefni,"Ga ada display produk, serasa beli kucing dalam karung. Pelayan kurang ramah, waktu tunggu barang nya lama, saya nunggu sampe 2 jam lebih dan ga ada permintaan maaf.",2 bintang
Enter Komputer,Sugiarti,"Pelayanan ramah..harga kompetitif..bolehlah jd salah satu tempat yang harus dikunjungi kalo memang mau beli laptop di ITC mangga dua...tambah bonusnya dong gan, pasti banyak yang mampir lagi hehehe",4 bintang
Enter Komputer,Edi Luhut,"Pelayanan nya sangat baik, pembelian 1 PC berjalan dengan lancar dan memuaskan, semoga awet PC nya dan Toko nya makin jaya dan laris.",5 bintang
Enter Komputer,Fani Rijki (Fani YT Gaming),"Tadi saya kesini bener"" pelayan nya super ramah dan satu lagi pelayan bagian pengecekan nya baik banget dan di ajak komunikasi lagi. Top lah ğŸ‘ğŸ‘ â€¦",5 bintang
Enter Komputer,Angga Seftian,"Pelayanan nya ramah, cepet, cuman di bagian pengecekan entah SOP nya harus flat gitu muka nya atau gimana dah, trus ruang tunggu untuk ambil barang, orang harus tanya dlu ini bener lewat sini",4 bintang
